,precision,recall,f1-score,support
Normal,0.9831081081081081,0.9478827361563518,0.9651741293532339,307.0
Stroke,0.8865248226950354,0.9615384615384616,0.9225092250922509,130.0
accuracy,0.9519450800915332,0.9519450800915332,0.9519450800915332,0.9519450800915332
macro avg,0.9348164654015718,0.9547105988474067,0.9438416772227424,437.0
weighted avg,0.9543762383055922,0.9519450800915332,0.9524820525707905,437.0
